last_name, first_name,player_id,year,pa,bip,ba,est_ba,est_ba_minus_ba_diff,slg,est_slg,est_slg_minus_slg_diff,woba,est_woba,est_woba_minus_woba_diff
Harper, Bryce,547180,2021,599,360,.309,.297,0.012,.615,.598,0.017,.431,.427,0.004
Soto, Juan,665742,2021,654,414,.313,.300,0.013,.534,.533,0.001,.420,.426,-0.006
Acuña Jr., Ronald,660670,2021,360,217,.283,.291,-0.008,.596,.593,0.003,.412,.425,-0.013
Guerrero Jr., Vladimir,665489,2021,698,496,.311,.303,0.008,.601,.580,0.021,.419,.413,0.006
Judge, Aaron,592450,2021,633,397,.287,.301,-0.014,.544,.578,-0.034,.387,.413,-0.026
Grandal, Yasmani,518735,2021,375,203,.240,.255,-0.015,.520,.497,0.023,.402,.412,-0.010
Freeman, Freddie,518692,2021,695,495,.300,.313,-0.013,.503,.569,-0.066,.379,.411,-0.032
Muncy, Max,571970,2021,592,378,.249,.270,-0.021,.527,.574,-0.047,.379,.406,-0.027
Ohtani, Shohei,660271,2021,639,350,.257,.264,-0.007,.592,.597,-0.005,.393,.405,-0.012
Votto, Joey,458015,2021,533,325,.266,.271,-0.005,.563,.582,-0.019,.391,.404,-0.013
Tatis Jr., Fernando,665487,2021,546,329,.282,.276,0.006,.611,.604,0.007,.403,.401,0.002
Buxton, Byron,621439,2021,254,173,.306,.292,0.014,.647,.594,0.053,.419,.398,0.021
Schwarber, Kyle,656941,2021,471,274,.266,.262,0.004,.554,.551,0.003,.392,.396,-0.004
Tucker, Kyle,663656,2021,567,421,.294,.303,-0.009,.557,.566,-0.009,.381,.395,-0.014
Goldschmidt, Paul,502671,2021,679,472,.294,.290,0.004,.514,.564,-0.050,.373,.394,-0.021
Seager, Corey,608369,2021,409,290,.306,.292,0.014,.521,.523,-0.002,.389,.392,-0.003
O'Neill, Tyler,641933,2021,537,318,.286,.274,0.012,.560,.570,-0.010,.384,.388,-0.004
Winker, Jesse,608385,2021,485,348,.305,.292,0.013,.556,.515,0.041,.403,.387,0.016
Devers, Rafael,646240,2021,664,452,.279,.286,-0.007,.538,.553,-0.015,.373,.386,-0.013
Donaldson, Josh,518626,2021,543,351,.247,.266,-0.019,.475,.533,-0.058,.353,.385,-0.032
Alvarez, Yordan,670541,2021,598,395,.277,.276,0.001,.531,.557,-0.026,.370,.384,-0.014
Reynolds, Bryan,668804,2021,646,444,.302,.289,0.013,.522,.510,0.012,.385,.382,0.003
Garver, Mitch,641598,2021,243,138,.256,.252,0.004,.517,.536,-0.019,.372,.382,-0.010
Robert, Luis,673357,2021,296,216,.338,.297,0.041,.567,.533,0.034,.399,.378,0.021
Olson, Matt,621566,2021,673,463,.271,.261,0.010,.540,.498,0.042,.379,.377,0.002
Machado, Manny,592518,2021,640,473,.278,.290,-0.012,.489,.517,-0.028,.350,.376,-0.026
Ruf, Darin,573131,2021,312,176,.271,.257,0.014,.519,.499,0.020,.384,.376,0.008
Hoskins, Rhys,656555,2021,443,283,.247,.247,0.000,.530,.553,-0.023,.364,.375,-0.011
Alonso, Pete,624413,2021,637,438,.262,.267,-0.005,.519,.529,-0.010,.363,.373,-0.010
Correa, Carlos,621043,2021,640,445,.279,.293,-0.014,.485,.475,0.010,.364,.372,-0.008
Ramírez, José,608070,2021,636,470,.266,.278,-0.012,.538,.496,0.042,.372,.372,-0.000
Castellanos, Nick,592206,2021,585,416,.309,.289,0.020,.576,.522,0.054,.391,.371,0.020
Martinez, J.D.,502110,2021,634,425,.286,.285,0.001,.518,.522,-0.004,.363,.371,-0.008
Perez, Salvador,521692,2021,665,454,.273,.273,0.000,.544,.554,-0.010,.359,.369,-0.010
Marte, Ketel,606466,2021,374,281,.318,.303,0.015,.532,.487,0.045,.385,.368,0.017
Belt, Brandon,474832,2021,381,223,.274,.238,0.036,.597,.506,0.091,.406,.368,0.038
Hernández, Teoscar,606192,2021,595,404,.296,.279,0.017,.524,.523,0.001,.369,.365,0.004
Cron, C.J.,543068,2021,547,357,.281,.261,0.020,.530,.480,0.050,.383,.363,0.020
García, Avisaíl,541645,2021,515,345,.262,.274,-0.012,.490,.504,-0.014,.346,.363,-0.017
Riley, Austin,663586,2021,662,430,.303,.275,0.028,.531,.498,0.033,.379,.361,0.018
Bell, Josh,605137,2021,568,400,.261,.273,-0.012,.476,.474,0.002,.352,.361,-0.009
Brantley, Michael,488726,2021,508,417,.311,.310,0.001,.437,.460,-0.023,.347,.360,-0.013
Pollock, AJ,572041,2021,422,306,.297,.281,0.016,.536,.493,0.043,.375,.360,0.015
Cooper, Garrett,643265,2021,250,148,.284,.268,0.016,.465,.454,0.011,.367,.360,0.007
Posey, Buster,457763,2021,454,310,.304,.278,0.026,.499,.460,0.039,.379,.359,0.020
Smith, Will,669257,2021,501,324,.258,.246,0.012,.495,.457,0.038,.364,.359,0.005
Turner, Trea,607208,2021,646,489,.328,.296,0.032,.536,.471,0.065,.386,.357,0.029
Turner, Justin,457759,2021,612,441,.278,.267,0.011,.471,.460,0.011,.358,.357,0.001
Stanton, Giancarlo,519317,2021,579,356,.273,.258,0.015,.516,.488,0.028,.370,.357,0.013
Cruz, Nelson,443558,2021,584,396,.265,.263,0.002,.497,.507,-0.010,.344,.357,-0.013
Springer, George,543807,2021,342,221,.264,.245,0.019,.555,.498,0.057,.380,.357,0.023
Lowe, Brandon,664040,2021,615,371,.247,.246,0.001,.523,.488,0.035,.363,.357,0.006
Bogaerts, Xander,593428,2021,603,423,.295,.276,0.019,.493,.459,0.034,.368,.356,0.012
Candelario, Jeimer,600869,2021,626,422,.271,.276,-0.005,.443,.456,-0.013,.344,.354,-0.010
Blackmon, Charlie,453568,2021,582,426,.270,.288,-0.018,.411,.448,-0.037,.333,.354,-0.021
Betts, Mookie,605141,2021,550,385,.264,.258,0.006,.487,.436,0.051,.365,.354,0.011
Bichette, Bo,666182,2021,690,507,.298,.287,0.011,.484,.480,0.004,.354,.353,0.001
India, Jonathan,663697,2021,631,396,.269,.255,0.014,.459,.434,0.025,.363,.353,0.010
Renfroe, Hunter,592669,2021,572,397,.259,.257,0.002,.501,.495,0.006,.344,.351,-0.007
Reyes, Franmil,614177,2021,466,272,.254,.245,0.009,.522,.506,0.016,.354,.351,0.003
Haniger, Mitch,571745,2021,691,459,.253,.258,-0.005,.485,.488,-0.003,.340,.351,-0.011
Pham, Tommy,502054,2021,561,351,.229,.254,-0.025,.383,.432,-0.049,.318,.351,-0.033
Soler, Jorge,624585,2021,602,379,.223,.246,-0.023,.432,.483,-0.051,.319,.351,-0.032
Gallo, Joey,608336,2021,616,286,.199,.199,0.000,.458,.453,0.005,.348,.351,-0.003
Crawford, Brandon,543063,2021,549,383,.298,.255,0.043,.522,.479,0.043,.377,.350,0.027
Longoria, Evan,446334,2021,291,187,.261,.249,0.012,.482,.480,0.002,.352,.350,0.002
Conforto, Michael,624424,2021,479,304,.232,.251,-0.019,.384,.431,-0.047,.322,.350,-0.028
Zunino, Mike,572287,2021,375,202,.216,.216,0.000,.559,.523,0.036,.359,.350,0.009
Moncada, Yoán,660162,2021,616,365,.263,.255,0.008,.412,.412,0.000,.347,.348,-0.001
Polanco, Jorge,593871,2021,644,476,.269,.264,0.005,.503,.479,0.024,.349,.346,0.003
Abreu, José,547989,2021,659,433,.261,.249,0.012,.481,.447,0.034,.354,.346,0.008
Nimmo, Brandon,607043,2021,386,248,.292,.266,0.026,.437,.379,0.058,.369,.345,0.024
Wade Jr., LaMonte,664774,2021,381,254,.253,.254,-0.001,.482,.467,0.015,.343,.345,-0.002
Contreras, Willson,575929,2021,483,279,.237,.236,0.001,.438,.441,-0.003,.337,.345,-0.008
Hernández, Enrique,571771,2021,585,405,.250,.250,0.000,.449,.445,0.004,.338,.344,-0.006
Kepler, Max,596146,2021,490,334,.211,.251,-0.040,.413,.442,-0.029,.309,.344,-0.035
France, Ty,664034,2021,650,471,.291,.267,0.024,.445,.427,0.018,.353,.343,0.010
Mullins, Cedric,656775,2021,675,482,.291,.269,0.022,.518,.440,0.078,.371,.343,0.028
Kelly, Carson,608348,2021,359,235,.240,.250,-0.010,.411,.422,-0.011,.328,.343,-0.015
Cronenworth, Jake,630105,2021,643,483,.266,.276,-0.010,.460,.437,0.023,.338,.342,-0.004
Bryant, Kris,592178,2021,586,380,.265,.256,0.009,.481,.438,0.043,.356,.342,0.014
Rizzo, Anthony,519203,2021,576,414,.248,.256,-0.008,.440,.422,0.018,.339,.342,-0.003
Miller, Brad,543543,2021,377,219,.227,.244,-0.017,.453,.449,0.004,.331,.342,-0.011
Carpenter, Matt,572761,2021,249,131,.169,.224,-0.055,.275,.422,-0.147,.269,.342,-0.073
Marte, Starling,516782,2021,526,371,.310,.270,0.040,.458,.422,0.036,.364,.341,0.023
Urías, Ramón,602104,2021,296,186,.279,.266,0.013,.412,.416,-0.004,.341,.341,-0.000
Lindor, Francisco,596019,2021,524,365,.230,.249,-0.019,.412,.441,-0.029,.317,.341,-0.024
McCutchen, Andrew,457705,2021,574,357,.222,.235,-0.013,.444,.420,0.024,.335,.341,-0.006
Verdugo, Alex,657077,2021,604,453,.289,.283,0.006,.426,.439,-0.013,.334,.340,-0.006
Dalbec, Bobby,666915,2021,453,262,.240,.232,0.008,.494,.509,-0.015,.334,.340,-0.006
Choi, Ji-Man,596847,2021,305,171,.229,.232,-0.003,.411,.414,-0.003,.334,.340,-0.006
Mancini, Trey,641820,2021,616,414,.255,.264,-0.009,.432,.445,-0.013,.326,.339,-0.013
LeMahieu, DJ,518934,2021,679,508,.268,.279,-0.011,.362,.391,-0.029,.315,.338,-0.023
Naquin, Tyler,571980,2021,454,308,.270,.259,0.011,.477,.448,0.029,.345,.337,0.008
Gomes, Yan,543228,2021,375,272,.252,.276,-0.024,.421,.460,-0.039,.308,.337,-0.029
Lowrie, Jed,476704,2021,512,353,.245,.252,-0.007,.398,.450,-0.052,.311,.337,-0.026
Yelich, Christian,592885,2021,475,289,.248,.249,-0.001,.373,.382,-0.009,.325,.335,-0.010
Tellez, Rowdy,642133,2021,325,233,.242,.260,-0.018,.414,.459,-0.045,.306,.335,-0.029
Vogelbach, Daniel,596129,2021,258,158,.219,.235,-0.016,.381,.379,0.002,.325,.335,-0.010
Fraley, Jake,641584,2021,265,146,.210,.224,-0.014,.369,.354,0.015,.322,.335,-0.013
Arraez, Luis,650333,2021,479,386,.294,.291,0.003,.376,.403,-0.027,.321,.334,-0.013
Solano, Donovan,456781,2021,344,254,.280,.273,0.007,.404,.427,-0.023,.324,.334,-0.010
Slater, Austin,596103,2021,306,190,.241,.254,-0.013,.423,.435,-0.012,.321,.334,-0.013
Santana, Carlos,467793,2021,659,468,.214,.241,-0.027,.342,.414,-0.072,.294,.334,-0.040
Sánchez, Gary,596142,2021,440,262,.204,.226,-0.022,.423,.445,-0.022,.314,.334,-0.020
Gurriel Jr., Lourdes,666971,2021,541,405,.276,.267,0.009,.466,.450,0.016,.333,.333,-0.000
Story, Trevor,596115,2021,595,392,.251,.243,0.008,.471,.448,0.023,.341,.333,0.008
Laureano, Ramón,657656,2021,378,244,.246,.243,0.003,.443,.451,-0.008,.327,.333,-0.006
Dickerson, Alex,543105,2021,312,207,.233,.257,-0.024,.420,.437,-0.017,.313,.333,-0.020
Murphy, Sean,669221,2021,448,282,.216,.237,-0.021,.405,.433,-0.028,.309,.333,-0.024
Sánchez, Jesús,660821,2021,251,150,.251,.241,0.010,.489,.468,0.021,.339,.332,0.007
Grossman, Robbie,543257,2021,671,410,.239,.231,0.008,.415,.389,0.026,.337,.332,0.005
Canha, Mark,592192,2021,625,393,.231,.229,0.002,.387,.374,0.013,.333,.332,0.001
Harrison, Josh,543281,2021,558,433,.279,.276,0.003,.400,.415,-0.015,.324,.331,-0.007
Altuve, Jose,514888,2021,678,517,.278,.259,0.019,.489,.415,0.074,.357,.331,0.026
Bregman, Alex,608324,2021,400,299,.270,.258,0.012,.422,.409,0.013,.336,.331,0.005
Díaz, Yandy,650490,2021,541,384,.256,.251,0.005,.387,.392,-0.005,.325,.331,-0.006
Urías, Luis,649966,2021,570,378,.249,.239,0.010,.445,.420,0.025,.339,.331,0.008
Franco, Wander,677551,2021,308,245,.288,.276,0.012,.463,.403,0.060,.348,.330,0.018
Torres, Gleyber,650402,2021,516,361,.259,.261,-0.002,.366,.417,-0.051,.307,.330,-0.023
Benintendi, Andrew,643217,2021,538,403,.276,.258,0.018,.442,.446,-0.004,.328,.329,-0.001
Semien, Marcus,543760,2021,724,509,.265,.241,0.024,.538,.444,0.094,.368,.329,0.039
Aguilar, Jesús,542583,2021,510,363,.261,.259,0.002,.459,.448,0.011,.330,.329,0.001
Albies, Ozzie,645277,2021,686,508,.259,.255,0.004,.488,.453,0.035,.336,.329,0.007
Pederson, Joc,592626,2021,481,317,.238,.240,-0.002,.422,.430,-0.008,.315,.329,-0.014
Vaughn, Andrew,683734,2021,469,321,.235,.239,-0.004,.396,.428,-0.032,.306,.329,-0.023
Bradley, Bobby,656252,2021,279,149,.208,.221,-0.013,.445,.455,-0.010,.314,.328,-0.014
Taylor, Chris,621035,2021,582,344,.254,.234,0.020,.438,.414,0.024,.338,.327,0.011
Swanson, Dansby,621020,2021,653,429,.248,.246,0.002,.449,.444,0.005,.322,.327,-0.005
Goodwin, Brian,571718,2021,271,179,.221,.247,-0.026,.374,.391,-0.017,.306,.327,-0.021
Duffy, Matt,622110,2021,322,227,.287,.273,0.014,.381,.382,-0.001,.327,.326,0.001
Santander, Anthony,623993,2021,438,310,.241,.266,-0.025,.433,.438,-0.005,.307,.326,-0.019
Hosmer, Eric,543333,2021,565,413,.269,.265,0.004,.395,.403,-0.008,.319,.325,-0.006
Realmuto, J.T.,592663,2021,537,349,.263,.249,0.014,.439,.406,0.033,.336,.325,0.011
Mountcastle, Ryan,663624,2021,586,380,.255,.243,0.012,.487,.451,0.036,.335,.325,0.010
Duvall, Adam,594807,2021,555,342,.228,.223,0.005,.491,.486,0.005,.324,.325,-0.001
Gurriel, Yuli,493329,2021,605,474,.319,.269,0.050,.462,.380,0.082,.363,.324,0.039
McMahon, Ryan,641857,2021,596,386,.254,.242,0.012,.449,.420,0.029,.334,.324,0.010
Escobar, Eduardo,500871,2021,599,426,.253,.247,0.006,.472,.447,0.025,.334,.324,0.010
Varsho, Daulton,662139,2021,315,218,.246,.247,-0.001,.437,.424,0.013,.322,.324,-0.002
Meadows, Austin,640457,2021,591,404,.234,.237,-0.003,.458,.416,0.042,.327,.324,0.003
Suárez, Eugenio,553993,2021,574,339,.198,.213,-0.015,.428,.445,-0.017,.306,.324,-0.018
Schwindel, Frank,643524,2021,259,201,.326,.265,0.061,.591,.434,0.157,.403,.323,0.080
Frazier, Adam,624428,2021,639,512,.305,.286,0.019,.411,.372,0.039,.341,.323,0.018
Stephenson, Tyler,663886,2021,402,280,.286,.254,0.032,.431,.384,0.047,.346,.323,0.023
Castro, Starlin,516770,2021,346,257,.283,.270,0.013,.375,.406,-0.031,.308,.323,-0.015
Walsh, Jared,665120,2021,585,381,.277,.253,0.024,.509,.426,0.083,.357,.323,0.034
Smith, Dominic,642086,2021,493,340,.244,.262,-0.018,.363,.416,-0.053,.291,.323,-0.032
Adames, Willy,642715,2021,555,342,.262,.232,0.030,.481,.425,0.056,.349,.322,0.027
Calhoun, Willie,641432,2021,284,227,.250,.273,-0.023,.381,.398,-0.017,.301,.322,-0.021
Lux, Gavin,666158,2021,381,254,.242,.258,-0.016,.364,.379,-0.015,.303,.322,-0.019
Pujols, Albert,405395,2021,296,232,.236,.256,-0.020,.433,.455,-0.022,.302,.322,-0.020
Lowe, Nathaniel,663993,2021,642,398,.264,.233,0.031,.415,.395,0.020,.337,.321,0.016
Marsh, Brandon,669016,2021,260,147,.254,.260,-0.006,.356,.405,-0.049,.296,.321,-0.025
Sosa, Edmundo,624641,2021,326,228,.271,.259,0.012,.389,.382,0.007,.321,.320,0.001
Báez, Javier,595879,2021,547,321,.265,.236,0.029,.494,.444,0.050,.343,.320,0.023
Sanó, Miguel,593934,2021,532,288,.223,.213,0.010,.466,.432,0.034,.332,.320,0.012
Chapman, Matt,656305,2021,622,336,.210,.207,0.003,.403,.414,-0.011,.311,.320,-0.009
Anderson, Tim,641313,2021,551,409,.309,.273,0.036,.469,.429,0.040,.345,.319,0.026
Haase, Eric,606992,2021,381,234,.231,.232,-0.001,.459,.455,0.004,.316,.319,-0.003
Wisdom, Patrick,621550,2021,375,185,.231,.214,0.017,.518,.453,0.065,.345,.319,0.026
Kemp, Tony,643393,2021,397,288,.279,.245,0.034,.418,.339,0.079,.351,.318,0.033
Carlson, Dylan,666185,2021,619,399,.266,.243,0.023,.437,.397,0.040,.336,.318,0.018
Peterson, Jace,607054,2021,302,193,.247,.233,0.014,.367,.362,0.005,.318,.318,0.000
Toro, Abraham,647351,2021,375,283,.239,.242,-0.003,.373,.403,-0.030,.303,.318,-0.015
Thomas, Lane,657041,2021,264,164,.235,.230,0.005,.412,.370,0.042,.328,.318,0.010
Seager, Kyle,572122,2021,670,446,.212,.220,-0.008,.438,.445,-0.007,.308,.318,-0.010
Díaz, Aledmys,649557,2021,319,232,.259,.264,-0.005,.405,.403,0.002,.311,.317,-0.006
Stassi, Max,545358,2021,319,182,.241,.228,0.013,.426,.407,0.019,.327,.317,0.010
Happ, Ian,664023,2021,535,312,.226,.218,0.008,.434,.394,0.040,.328,.317,0.011
Upton, Justin,457708,2021,362,214,.211,.221,-0.010,.409,.416,-0.007,.304,.317,-0.013
Segura, Jean,516416,2021,567,441,.290,.262,0.028,.436,.388,0.048,.338,.316,0.022
Smith, Pavin,656976,2021,545,393,.267,.258,0.009,.404,.400,0.004,.318,.316,0.002
Edman, Tommy,669242,2021,691,552,.262,.271,-0.009,.387,.398,-0.011,.301,.316,-0.015
Margot, Manuel,622534,2021,464,356,.254,.265,-0.011,.382,.390,-0.008,.301,.316,-0.015
Brown, Seth,664913,2021,307,194,.214,.222,-0.008,.480,.453,0.027,.315,.316,-0.001
Ibáñez, Andy,628451,2021,272,220,.277,.261,0.016,.435,.406,0.029,.325,.315,0.010
Hays, Austin,669720,2021,529,385,.256,.242,0.014,.461,.426,0.035,.328,.315,0.013
Stallings, Jacob,607732,2021,427,291,.246,.243,0.003,.369,.366,0.003,.312,.315,-0.003
Díaz, Elias,553869,2021,371,279,.246,.247,-0.001,.464,.417,0.047,.330,.315,0.015
Stewart, DJ,621466,2021,318,181,.204,.206,-0.002,.374,.379,-0.005,.310,.315,-0.005
Castro, Harold,605612,2021,339,252,.283,.286,-0.003,.359,.410,-0.051,.291,.314,-0.023
Rosario, Eddie,592696,2021,412,324,.259,.250,0.009,.435,.414,0.021,.316,.314,0.002
Gamel, Ben,592325,2021,400,241,.247,.227,0.020,.388,.366,0.022,.322,.314,0.008
Yastrzemski, Mike,573262,2021,532,341,.224,.217,0.007,.457,.420,0.037,.326,.314,0.012
Bohm, Alec,664761,2021,417,273,.247,.260,-0.013,.342,.389,-0.047,.285,.313,-0.028
Torrens, Luis,620443,2021,378,250,.243,.240,0.003,.431,.418,0.013,.311,.313,-0.002
Zimmer, Bradley,605548,2021,348,181,.227,.219,0.008,.344,.361,-0.017,.300,.313,-0.013
Polanco, Gregory,570256,2021,382,240,.208,.228,-0.020,.354,.400,-0.046,.275,.313,-0.038
Mercedes, Yermín,606213,2021,262,195,.271,.245,0.026,.404,.411,-0.007,.317,.312,0.005
Taylor, Tyrone,621438,2021,271,185,.247,.236,0.011,.457,.394,0.063,.333,.312,0.021
Walker, Christian,572233,2021,445,297,.244,.248,-0.004,.382,.384,-0.002,.304,.312,-0.008
Evans, Phillip,595943,2021,247,161,.206,.241,-0.035,.299,.342,-0.043,.278,.312,-0.034
Espinal, Santiago,669289,2021,246,193,.311,.269,0.042,.405,.348,0.057,.344,.311,0.033
Flores, Wilmer,527038,2021,436,336,.262,.238,0.024,.447,.393,0.054,.337,.311,0.026
Moran, Colin,592567,2021,359,234,.258,.242,0.016,.390,.383,0.007,.318,.311,0.007
McCormick, Chas,676801,2021,320,187,.257,.222,0.035,.447,.418,0.029,.327,.311,0.016
Cabrera, Miguel,408234,2021,526,363,.256,.231,0.025,.386,.410,-0.024,.305,.311,-0.006
McNeil, Jeff,643446,2021,426,329,.251,.252,-0.001,.360,.378,-0.018,.301,.311,-0.010
DeJong, Paul,657557,2021,402,255,.197,.209,-0.012,.390,.408,-0.018,.293,.311,-0.018
Cain, Lorenzo,456715,2021,286,210,.257,.247,0.010,.401,.367,0.034,.319,.310,0.009
Arenado, Nolan,571448,2021,653,504,.255,.246,0.009,.494,.413,0.081,.336,.310,0.026
Bote, David,623520,2021,327,222,.199,.228,-0.029,.330,.389,-0.059,.268,.310,-0.042
Ortega, Rafael,542364,2021,330,228,.291,.249,0.042,.463,.373,0.090,.355,.309,0.046
Schoop, Jonathan,570731,2021,674,498,.278,.255,0.023,.435,.397,0.038,.324,.309,0.015
Rodgers, Brendan,663898,2021,415,305,.284,.250,0.034,.470,.407,0.063,.341,.308,0.033
Wong, Kolten,543939,2021,492,365,.272,.251,0.021,.447,.377,0.070,.337,.308,0.029
Severino, Pedro,600474,2021,419,275,.248,.247,0.001,.383,.394,-0.011,.299,.308,-0.009
Escobar, Alcides,444876,2021,349,267,.288,.268,0.020,.404,.358,0.046,.325,.307,0.018
Baddoo, Akil,668731,2021,461,294,.259,.224,0.035,.436,.394,0.042,.329,.307,0.022
Andrus, Elvis,462101,2021,541,423,.243,.271,-0.028,.320,.369,-0.049,.270,.307,-0.037
Hernández, César,514917,2021,637,438,.232,.237,-0.005,.386,.374,0.012,.302,.307,-0.005
Duggar, Steven,621453,2021,297,180,.257,.229,0.028,.437,.399,0.038,.327,.306,0.021
Grisham, Trent,663757,2021,527,348,.242,.236,0.006,.413,.357,0.056,.320,.306,0.014
Rendon, Anthony,543685,2021,249,178,.240,.233,0.007,.382,.369,0.013,.310,.306,0.004
Kelenic, Jarred,672284,2021,377,232,.181,.215,-0.034,.350,.397,-0.047,.270,.306,-0.036
Villar, Jonathan,542340,2021,505,324,.249,.231,0.018,.416,.381,0.035,.320,.305,0.015
Ramirez, Harold,623912,2021,361,286,.268,.264,0.004,.398,.391,0.007,.302,.304,-0.002
Naylor, Josh,647304,2021,250,188,.253,.249,0.004,.399,.407,-0.008,.301,.304,-0.003
Chisholm Jr., Jazz,665862,2021,507,324,.248,.233,0.015,.425,.400,0.025,.312,.304,0.008
Larnach, Trevor,663616,2021,301,158,.223,.209,0.014,.350,.368,-0.018,.300,.304,-0.004
Urshela, Gio,570482,2021,442,312,.267,.250,0.017,.419,.412,0.007,.309,.303,0.006
Narváez, Omar,553882,2021,445,313,.266,.234,0.032,.402,.363,0.039,.322,.302,0.020
Molina, Yadier,425877,2021,473,364,.252,.252,0.000,.370,.398,-0.028,.289,.302,-0.013
Goodrum, Niko,592348,2021,325,185,.214,.211,0.003,.359,.371,-0.012,.286,.302,-0.016
Kieboom, Carter,666198,2021,249,157,.207,.232,-0.025,.318,.347,-0.029,.275,.302,-0.027
Hernandez, Yadiel,628450,2021,289,207,.273,.237,0.036,.413,.391,0.022,.320,.301,0.019
Straw, Myles,664702,2021,638,448,.271,.253,0.018,.348,.326,0.022,.311,.301,0.010
Profar, Jurickson,595777,2021,412,291,.227,.236,-0.009,.320,.319,0.001,.292,.301,-0.009
Berti, Jon,542932,2021,271,175,.210,.230,-0.020,.313,.319,-0.006,.282,.301,-0.019
Shaw, Travis,543768,2021,250,155,.200,.213,-0.013,.373,.382,-0.009,.289,.301,-0.012
Merrifield, Whit,593160,2021,720,573,.277,.259,0.018,.395,.378,0.017,.306,.300,0.006
Dickerson, Corey,572816,2021,365,269,.271,.247,0.024,.408,.372,0.036,.317,.300,0.017
Herrera, Odúbel,546318,2021,492,379,.260,.250,0.010,.416,.373,0.043,.312,.300,0.012
Jeffers, Ryan,680777,2021,293,159,.199,.206,-0.007,.401,.411,-0.010,.289,.300,-0.011
Arozarena, Randy,668227,2021,604,364,.274,.216,0.058,.459,.358,0.101,.350,.299,0.051
Farmer, Kyle,571657,2021,529,392,.263,.249,0.014,.416,.375,0.041,.316,.299,0.017
Zimmerman, Ryan,475582,2021,273,180,.243,.229,0.014,.471,.414,0.057,.319,.299,0.020
Crawford, J.P.,641487,2021,687,510,.273,.256,0.017,.376,.336,0.040,.314,.297,0.017
Anderson, Brian,605119,2021,264,168,.249,.213,0.036,.378,.366,0.012,.314,.297,0.017
Taylor, Michael A.,572191,2021,528,346,.244,.241,0.003,.356,.381,-0.025,.286,.297,-0.011
Dozier, Hunter,641531,2021,543,339,.216,.222,-0.006,.394,.382,0.012,.293,.297,-0.004
Rosario, Amed,642708,2021,588,434,.282,.260,0.022,.409,.360,0.049,.315,.296,0.019
Iglesias, José,578428,2021,511,409,.271,.267,0.004,.391,.362,0.029,.304,.296,0.008
Hayes, Ke'Bryan,663647,2021,396,277,.257,.244,0.013,.373,.360,0.013,.301,.296,0.005
Moreland, Mitch,519048,2021,252,174,.227,.225,0.002,.415,.389,0.026,.300,.296,0.004
Bauers, Jake,641343,2021,315,204,.209,.230,-0.021,.277,.355,-0.078,.256,.296,-0.040
Rojas, Josh,668942,2021,550,351,.264,.233,0.031,.411,.350,0.061,.325,.295,0.030
García, Adolis,666969,2021,622,391,.243,.217,0.026,.454,.410,0.044,.314,.295,0.019
Myers, Wil,571976,2021,500,305,.256,.216,0.040,.434,.364,0.070,.330,.294,0.036
Solak, Nick,669256,2021,511,355,.242,.231,0.011,.362,.347,0.015,.299,.294,0.005
Kiner-Falefa, Isiah,643396,2021,677,548,.271,.265,0.006,.357,.348,0.009,.293,.292,0.001
Bader, Harrison,664056,2021,401,284,.267,.228,0.039,.460,.386,0.074,.331,.292,0.039
O'Hearn, Ryan,656811,2021,254,168,.225,.232,-0.007,.369,.390,-0.021,.274,.292,-0.018
Alberto, Hanser,593643,2021,255,221,.270,.261,0.009,.402,.378,0.024,.296,.291,0.005
Rojas, Miguel,500743,2021,539,423,.265,.247,0.018,.392,.341,0.051,.311,.291,0.020
Peralta, David,444482,2021,538,397,.259,.240,0.019,.402,.339,0.063,.314,.291,0.023
Grichuk, Randal,545341,2021,545,401,.241,.229,0.012,.423,.389,0.034,.300,.291,0.009
García, Leury,544725,2021,474,332,.267,.236,0.031,.376,.331,0.045,.312,.290,0.022
Heredia, Guillermo,628338,2021,347,225,.220,.219,0.001,.354,.335,0.019,.292,.290,0.002
Heyward, Jason,518792,2021,353,255,.214,.229,-0.015,.347,.357,-0.010,.275,.290,-0.015
Daza, Yonathan,602074,2021,331,248,.282,.256,0.026,.355,.329,0.026,.304,.289,0.015
Caratini, Victor,605170,2021,356,235,.227,.226,0.001,.323,.348,-0.025,.273,.289,-0.016
Gardner, Brett,458731,2021,461,298,.222,.210,0.012,.362,.308,0.054,.305,.289,0.016
Murphy, Tom,608596,2021,325,181,.202,.193,0.009,.350,.343,0.007,.288,.289,-0.001
McKinney, Billy,641856,2021,300,188,.192,.210,-0.018,.358,.352,0.006,.277,.289,-0.012
Alfaro, Jorge,595751,2021,311,196,.244,.240,0.004,.342,.370,-0.028,.274,.288,-0.014
Hampson, Garrett,641658,2021,494,340,.234,.232,0.002,.380,.365,0.015,.288,.288,0.000
Castro, Willi,650489,2021,450,310,.220,.241,-0.021,.351,.355,-0.004,.271,.287,-0.016
Robles, Victor,645302,2021,369,235,.203,.212,-0.009,.295,.309,-0.014,.274,.286,-0.012
Moore, Dylan,664238,2021,377,222,.181,.200,-0.019,.334,.338,-0.004,.271,.286,-0.015
Mejía, Francisco,642336,2021,277,204,.260,.229,0.031,.416,.341,0.075,.320,.285,0.035
Gosselin, Phil,594838,2021,373,265,.261,.234,0.027,.362,.344,0.018,.297,.284,0.013
Trevino, Jose,624431,2021,302,233,.239,.248,-0.009,.340,.368,-0.028,.261,.284,-0.023
Odor, Rougned,596059,2021,361,223,.202,.196,0.006,.379,.359,0.020,.289,.284,0.005
Heim, Jonah,641680,2021,285,211,.196,.229,-0.033,.358,.368,-0.010,.256,.284,-0.028
Cabrera, Asdrúbal,452678,2021,352,233,.230,.211,0.019,.366,.324,0.042,.297,.283,0.014
Brinson, Lewis,621446,2021,290,204,.226,.239,-0.013,.376,.364,0.012,.275,.283,-0.008
McCann, James,543510,2021,412,263,.232,.221,0.011,.349,.338,0.011,.281,.282,-0.001
Lopez, Nicky,670032,2021,565,438,.300,.236,0.064,.378,.301,0.077,.329,.281,0.048
Wendle, Joey,621563,2021,501,350,.265,.234,0.031,.422,.346,0.076,.317,.281,0.036
Galvis, Freddy,520471,2021,394,284,.242,.222,0.020,.407,.349,0.058,.305,.281,0.024
Lagares, Juan,501571,2021,327,238,.236,.242,-0.006,.372,.367,0.005,.274,.281,-0.007
Biggio, Cavan,624415,2021,294,177,.224,.203,0.021,.356,.321,0.035,.297,.281,0.016
Chang, Yu,644374,2021,251,169,.228,.230,-0.002,.426,.373,0.053,.294,.280,0.014
Tsutsugo, Yoshi,660294,2021,262,160,.217,.193,0.024,.383,.340,0.043,.302,.280,0.022
Phillips, Brett,621433,2021,292,144,.206,.175,0.031,.427,.348,0.079,.313,.280,0.033
Fletcher, David,664058,2021,665,573,.262,.268,-0.006,.324,.316,0.008,.273,.279,-0.006
Kiermaier, Kevin,595281,2021,390,253,.259,.227,0.032,.388,.310,0.078,.310,.279,0.031
Holt, Brock,571788,2021,260,187,.209,.227,-0.018,.298,.313,-0.015,.259,.279,-0.020
Tapia, Raimel,606132,2021,533,422,.273,.246,0.027,.372,.314,0.058,.305,.278,0.027
Gonzalez, Marwin,503556,2021,307,200,.199,.216,-0.017,.304,.327,-0.023,.259,.278,-0.019
Bellinger, Cody,641355,2021,350,224,.165,.204,-0.039,.302,.346,-0.044,.237,.278,-0.041
García, Luis,671277,2021,247,193,.242,.239,0.003,.411,.360,0.051,.291,.277,0.014
Pillar, Kevin,607680,2021,347,245,.231,.222,0.009,.415,.363,0.052,.297,.277,0.020
Newman, Kevin,621028,2021,554,485,.226,.255,-0.029,.309,.330,-0.021,.249,.277,-0.028
Vázquez, Christian,543877,2021,498,379,.258,.234,0.024,.352,.334,0.018,.289,.276,0.013
Panik, Joe,605412,2021,257,204,.208,.238,-0.030,.284,.323,-0.039,.244,.275,-0.031
Eaton, Adam,594809,2021,288,188,.201,.215,-0.014,.327,.306,0.021,.271,.274,-0.003
Alcántara, Sergio,642727,2021,255,149,.205,.205,0.000,.327,.291,0.036,.279,.273,0.006
Díaz, Isan,656371,2021,278,170,.193,.204,-0.011,.282,.305,-0.023,.252,.273,-0.021
VanMeter, Josh,642165,2021,310,193,.212,.200,0.012,.354,.314,0.040,.287,.272,0.015
Gregorius, Didi,544369,2021,408,308,.209,.220,-0.011,.370,.320,0.050,.275,.271,0.004
Maldonado, Martín,455117,2021,426,247,.172,.186,-0.014,.300,.313,-0.013,.258,.271,-0.013
Culberson, Charlie,518586,2021,271,188,.243,.228,0.015,.381,.318,0.063,.292,.269,0.023
Franco, Maikel,596748,2021,403,313,.210,.223,-0.013,.355,.339,0.016,.263,.268,-0.005
Valaika, Pat,642162,2021,281,187,.201,.214,-0.013,.290,.334,-0.044,.238,.267,-0.029
Barnhart, Tucker,571466,2021,388,251,.247,.203,0.044,.368,.310,0.058,.300,.264,0.036
Kim, Ha-Seong,673490,2021,298,201,.202,.208,-0.006,.352,.304,0.048,.270,.264,0.006
Suzuki, Kurt,435559,2021,247,180,.224,.205,0.019,.342,.303,0.039,.282,.262,0.020
Gutierrez, Kelvin,642721,2021,295,196,.232,.214,0.018,.316,.300,0.016,.270,.261,0.009
Simmons, Andrelton,592743,2021,451,354,.223,.229,-0.006,.274,.279,-0.005,.252,.261,-0.009
Nuñez, Dom,624513,2021,263,138,.189,.169,0.020,.399,.303,0.096,.294,.259,0.035
Torreyes, Ronald,591720,2021,344,283,.242,.231,0.011,.346,.299,0.047,.274,.257,0.017
Bradley Jr., Jackie,598265,2021,428,258,.163,.196,-0.033,.261,.289,-0.028,.224,.255,-0.031
Ahmed, Nick,605113,2021,473,333,.221,.205,0.016,.339,.286,0.053,.269,.248,0.021
Mayfield, Jack,608686,2021,290,202,.218,.186,0.032,.387,.311,0.076,.284,.247,0.037
Hedges, Austin,595978,2021,312,209,.178,.193,-0.015,.308,.284,0.024,.227,.229,-0.002
Fuentes, Joshua,658069,2021,284,207,.225,.201,0.024,.351,.275,0.076,.261,.228,0.033